SKU,Nombre,Descripción,Publicado,Precio rebajado,Precio normal,Valor(es) del atributo 1,Valor(es) del atributo 2,Valor(es) del atributo 3,Etiquetas,Imágenes,Categorías 2,Celular Sucursal,Dirección Sucursal,Ciudad Sucursal
2Y2012311.4,Anillo basico plata ley 925 diseño cereza,"La cereza simboliza vitalidad, dulzura y momentos felices. Este anillo transmite una energía alegre y un estilo encantador para disfrutar.",1,81.00,90.00,Plata 925 Italy,1.9,12.0,"03 - Tacna, cono sur",https://inticash.com.pe/wp-content/uploads/fotos/2Y2012311.4.webp,Anillos > Anillo de mujer > Frutas,997085856,Asoc. Villa San Francisco Mz 97 Lt07,Tacna
2Y2012111.4,Anillo de mujer plata 925 diseño Circulo,"Pensado para acompañar distintos momentos, este anillo expresa versatilidad, confianza y una sofisticación sencilla que realza cualquier estilo con un significado especial.",1,42.40,53.00,Plata 925 Italy,3.2,22.0,"03 - Tacna, cono sur",https://inticash.com.pe/wp-content/uploads/fotos/2Y2012111.4.webp,Anillos > Anillo de mujer > Circulo,997085856,Asoc. Villa San Francisco Mz 97 Lt07,Tacna
2Y3012101.2,Anillo de mujer plata 925  diseño Corazon calado,"El corazón evoca cariño, unión y sensibilidad. Este anillo transmite una expresión cálida de amor en un diseño memorable con un significado especial.",1,,110.00,Plata 925 Italy,3.2,22.0,"03 - Tacna, cono sur",https://inticash.com.pe/wp-content/uploads/fotos/2Y3012101.2.webp,Anillos > Anillo de mujer > Corazon calado,997085856,Asoc. Villa San Francisco Mz 97 Lt07,Tacna
2Y3012101.3,Anillo de mujer plata 925 diseño Corazon calado,"El corazón representa afecto sincero y conexión emocional. Este anillo aporta un toque romántico, delicado y con verdadero sentido personal.",1,,110.00,Plata 925 Italy,3.2,24.0,"03 - Tacna, cono sur",https://inticash.com.pe/wp-content/uploads/fotos/2Y3012101.3.webp,Anillos > Anillo de mujer > Corazon,997085856,Asoc. Villa San Francisco Mz 97 Lt07,Tacna
2Y1012002.1,Anillo de mujer plata 925 diseño mariposa con piedras,"La mariposa evoca libertad, renovación y elegancia suave. Este anillo añade un significado optimista y un detalle lleno de movimiento.",1,160.00,200.00,Plata 925 Italy,16.6,20.0,"03 - Tacna, cono sur",https://inticash.com.pe/wp-content/uploads/fotos/2Y1012002.1.webp,Anillos > Anillo de mujer > Mariposa,997085856,Asoc. Villa San Francisco Mz 97 Lt07,Tacna
2Y2011906.1,Anillo de mujer plata 925 diseño calado tipo regilla,"Pensado para acompañar distintos momentos, este anillo expresa versatilidad, confianza y una sofisticación sencilla que realza cualquier estilo con un significado especial.",1,88.80,111.00,Plata 925 Italy,5.8,15.0,"03 - Tacna, cono sur",https://inticash.com.pe/wp-content/uploads/fotos/2Y2011906.1.webp,Anillos > Anillo de mujer > Rejilla,997085856,Asoc. Villa San Francisco Mz 97 Lt07,Tacna
2Y2011906.3,Anillo de mujerplata 925 diseño Rayo biselado,"Pensado para acompañar distintos momentos, este anillo expresa versatilidad, confianza y una sofisticación sencilla que realza cualquier estilo con un significado especial.",1,86.40,108.00,Plata 925 Italy,7.2,14.0,"03 - Tacna, cono sur",https://inticash.com.pe/wp-content/uploads/fotos/2Y2011906.3.webp,Anillos > Anillo de mujer > Basico,997085856,Asoc. Villa San Francisco Mz 97 Lt07,Tacna
2Y2011906.4,Anillo de mujer plata 925 diseño Basico,"La estética lisa y sencilla destaca por su versatilidad. Este anillo transmite seguridad, buen gusto y una elegancia fácil de llevar.",1,127.20,159.00,Plata 925 Italy,10.6,16.0,"03 - Tacna, cono sur",https://inticash.com.pe/wp-content/uploads/fotos/2Y2011906.4.webp,Anillos > Anillo de mujer > Basico,997085856,Asoc. Villa San Francisco Mz 97 Lt07,Tacna
2Y2011906.6,Anillo de mujer plata 925 diseño Circulo,"Con una estética cuidada y fácil de combinar, este anillo transmite sofisticación cotidiana, seguridad y un detalle especial para destacar.",1,91.20,114.00,Plata 925 Italy,7.6,16.0,"03 - Tacna, cono sur",https://inticash.com.pe/wp-content/uploads/fotos/2Y2011906.6.webp,Anillos > Anillo de mujer > Circulo,997085856,Asoc. Villa San Francisco Mz 97 Lt07,Tacna
2Y2011906.9,Anillo de mujer plata 925 circulo con piedra negra,"El detalle con piedras realza el diseño con brillo y carácter. Este anillo expresa sofisticación, confianza y un estilo especial.",1,87.20,109.00,Plata 925 Italy,7.2,15.0,"03 - Tacna, cono sur",https://inticash.com.pe/wp-content/uploads/fotos/2Y2011906.9.webp,Anillos > Anillo de mujer > Basico,997085856,Asoc. Villa San Francisco Mz 97 Lt07,Tacna
2Y2012111.9,Anillo de mujer plata 925 diseño Basico dos hilos,"La estética lisa y sencilla destaca por su versatilidad. Este anillo transmite seguridad, buen gusto y una elegancia fácil de llevar.",1,99.20,124.00,Plata 925 Italy,7.8,12.0,"03 - Tacna, cono sur",https://inticash.com.pe/wp-content/uploads/fotos/2Y2012111.9.webp,Anillos > Anillo de mujer > Basico,997085856,Asoc. Villa San Francisco Mz 97 Lt07,Tacna
2Y2012111.11,Anillo de mujer plata 925 diseño Nota Musical,"Este diseño destaca por su elegancia versátil y presencia equilibrada. Este anillo acompaña el estilo personal con confianza, sobriedad y buen gusto.",1,44.80,56.00,Plata 925 Italy,3.2,15.0,"03 - Tacna, cono sur",https://inticash.com.pe/wp-content/uploads/fotos/2Y2012111.11.webp,Anillos > Anillo de mujer > Nota Musical,997085856,Asoc. Villa San Francisco Mz 97 Lt07,Tacna
2Y2012411.1,Anillo de mujer plata 950 diseño Tu y Yo con dos esferas ,"Con una estética cuidada y fácil de combinar, este anillo transmite sofisticación cotidiana, seguridad y un detalle especial para destacar.",1,52.20,58.00,Plata 925 Italy,3.6,12.0,"03 - Tacna, cono sur",https://inticash.com.pe/wp-content/uploads/fotos/2Y2012411.1.webp,Anillos > Anillo de mujer > Tu y Yo,997085856,Asoc. Villa San Francisco Mz 97 Lt07,Tacna
2Y2012211.1,Anillo de hombre plata 925 diseño Sello labrado,Este diseño aporta presencia sin excesos y una elegancia natural. Este anillo refuerza el estilo personal con carácter y discreción.,1,320.00,400.00,Plata 925 Italy,9.7,19.0,"03 - Tacna, cono sur","https://inticash.com.pe/wp-content/uploads/fotos/2Y2012211.1.webp, https://inticash.com.pe/wp-content/uploads/fotos/2Y2012211.1_2.webp",Anillos > Anillo de hombre > Sello,997085856,Asoc. Villa San Francisco Mz 97 Lt07,Tacna
2Y2012211.2,Anillo de hombre plata 925diseño Calabera,"La calavera representa carácter, valentía y estilo propio. Este anillo transmite una presencia audaz, segura y visualmente memorable con un significado especial.",1,368.00,460.00,Plata 925 Italy,11.1,19.0,"03 - Tacna, cono sur",https://inticash.com.pe/wp-content/uploads/fotos/2Y2012211.2.webp,Anillos > Anillo de hombre > Calabera,997085856,Asoc. Villa San Francisco Mz 97 Lt07,Tacna
2Y2012211.4,Anillo de hombre plata 925 diseño Sello labrado timon de barco,Este diseño aporta presencia sin excesos y una elegancia natural. Este anillo refuerza el estilo personal con carácter y discreción.,1,264.00,330.00,Plata 925 Italy,8.0,23.0,"03 - Tacna, cono sur",https://inticash.com.pe/wp-content/uploads/fotos/2Y2012211.4.webp,Anillos > Anillo de hombre > Sello,997085856,Asoc. Villa San Francisco Mz 97 Lt07,Tacna
2Y2012211.6,Anillo de hombre plata 925 diseño Sello labrado brujula y anclas,"Con una estética cuidada y fácil de combinar, este anillo transmite sofisticación cotidiana, seguridad y un detalle especial para destacar.",1,280.00,350.00,Plata 925 Italy,8.5,23.0,"03 - Tacna, cono sur",https://inticash.com.pe/wp-content/uploads/fotos/2Y2012211.6.webp,Anillos > Anillo de hombre > Sello,997085856,Asoc. Villa San Francisco Mz 97 Lt07,Tacna
2Y1012002.7,Anillo de mujer plata 925  diseño Sello con piedras ,Las piedras suman textura visual y protagonismo. Este anillo aporta una elegancia expresiva para destacar con buen gusto con un significado especial.,1,103.20,129.00,Plata 925 Italy,10.6,19.0,"03 - Tacna, cono sur",https://inticash.com.pe/wp-content/uploads/fotos/2Y1012002.7.webp,Anillos > Anillo de mujer > Sello,997085856,Asoc. Villa San Francisco Mz 97 Lt07,Tacna
2Y2012211.7,Anillo de hombre plata 925 diseño Leopardo,Este diseño aporta presencia sin excesos y una elegancia natural. Este anillo refuerza el estilo personal con carácter y discreción.,1,272.00,340.00,Plata 925 Italy,8.3,27.0,"03 - Tacna, cono sur",https://inticash.com.pe/wp-content/uploads/fotos/2Y2012211.7.webp,Anillos > Anillo de hombre > Leopardo,997085856,Asoc. Villa San Francisco Mz 97 Lt07,Tacna
2Y2012111.18,Anillo de mujerplata 925 diseño Sello dragon,"El dragón simboliza carácter, poder visual y determinación. Este anillo transmite una identidad fuerte y un diseño lleno de presencia.",1,272.00,340.00,Plata 925 Italy,8.3,19.0,"03 - Tacna, cono sur",https://inticash.com.pe/wp-content/uploads/fotos/2Y2012111.18.webp,Anillos > Anillo de mujer > Sello,997085856,Asoc. Villa San Francisco Mz 97 Lt07,Tacna
2Y2012202.17,Anillo de matrimonio plata 925 diseño Plana Diamantada,"Este diseño de matrimonio representa unión, compromiso y estabilidad. Este anillo acompaña una historia compartida con sobriedad, elegancia y significado.",1,67.20,84.00,Plata 925 Italy,4.2,28.0,"03 - Tacna, cono sur",https://inticash.com.pe/wp-content/uploads/fotos/2Y2012202.17.webp,Anillos > Anillo de matrimonio > Plana,997085856,Asoc. Villa San Francisco Mz 97 Lt07,Tacna
2Y2012202.22,Anillo de matrimonio plata 925 diseño Plana Diamantada,"El diseño de matrimonio celebra un vínculo firme y especial. Este anillo transmite compromiso, cercanía y una elegancia pensada para perdurar.",1,60.80,76.00,Plata 925 Italy,3.8,26.0,"03 - Tacna, cono sur",https://inticash.com.pe/wp-content/uploads/fotos/2Y2012202.22.webp,Anillos > Anillo de matrimonio > Plana,997085856,Asoc. Villa San Francisco Mz 97 Lt07,Tacna
2Y2012202.24,Anillo de matrimonio plata 925 diseño Plana Diamantada,"Este diseño de matrimonio representa unión, compromiso y estabilidad. Este anillo acompaña una historia compartida con sobriedad, elegancia y significado.",1,60.80,76.00,Plata 925 Italy,3.8,25.0,"03 - Tacna, cono sur",https://inticash.com.pe/wp-content/uploads/fotos/2Y2012202.24.webp,Anillos > Anillo de matrimonio > Plana,997085856,Asoc. Villa San Francisco Mz 97 Lt07,Tacna
2Y2012202.25,Anillo de matrimonio plata 925 diseño Plana Diamantada,"Este diseño de matrimonio representa unión, compromiso y estabilidad. Este anillo acompaña una historia compartida con sobriedad, elegancia y significado.",1,57.60,72.00,Plata 925 Italy,3.6,24.0,"03 - Tacna, cono sur",https://inticash.com.pe/wp-content/uploads/fotos/2Y2012202.25.webp,Anillos > Anillo de matrimonio > Plana,997085856,Asoc. Villa San Francisco Mz 97 Lt07,Tacna
2Y2012202.26,Anillo de matrimonio plata 925 diseño Plana Diamantada,El anillo de matrimonio expresa unión y promesa compartida. Este anillo acompaña el compromiso con presencia sobria y valor emocional.,1,56.00,70.00,Plata 925 Italy,3.5,17.0,"03 - Tacna, cono sur",https://inticash.com.pe/wp-content/uploads/fotos/2Y2012202.26.webp,Anillos > Anillo de matrimonio > Plana,997085856,Asoc. Villa San Francisco Mz 97 Lt07,Tacna
2Y2012202.27,Anillo de matrimonio plata 925 diseño Plana Diamantada,"Este diseño de matrimonio representa unión, compromiso y estabilidad. Este anillo acompaña una historia compartida con sobriedad, elegancia y significado.",1,56.00,70.00,Plata 925 Italy,3.5,13.0,"03 - Tacna, cono sur",https://inticash.com.pe/wp-content/uploads/fotos/2Y2012202.27.webp,Anillos > Anillo de matrimonio > Plana,997085856,Asoc. Villa San Francisco Mz 97 Lt07,Tacna
2N2012111.4,Anillo de mujer plata 950 diseño Basico liso,"La estética lisa y sencilla destaca por su versatilidad. Este anillo transmite seguridad, buen gusto y una elegancia fácil de llevar.",1,64.00,80.00,Plata 950,5.0,17.0,"03 - Tacna, cono sur",https://inticash.com.pe/wp-content/uploads/fotos/2N2012111.4.webp,Anillos > Anillo de mujer > Basico,997085856,Asoc. Villa San Francisco Mz 97 Lt07,Tacna
2N2011906.2,Anillo de mujer plata 950 diseño Circulo con mono de nazca,Este diseño aporta presencia sin excesos y una elegancia natural. Este anillo refuerza el estilo personal con carácter y discreción.,1,70.40,88.00,Plata 950,5.8,18.0,"03 - Tacna, cono sur",https://inticash.com.pe/wp-content/uploads/fotos/2N2011906.2.webp,Anillos > Anillo de mujer > Circulo,997085856,Asoc. Villa San Francisco Mz 97 Lt07,Tacna
2Y2011910.2,Anillo de matrimonio plata 925 diseño Media caña,"El diseño de matrimonio celebra un vínculo firme y especial. Este anillo transmite compromiso, cercanía y una elegancia pensada para perdurar.",1,24.00,30.00,Plata 925 Italy,1.9,19.0,"03 - Tacna, cono sur",https://inticash.com.pe/wp-content/uploads/fotos/2Y2011910.2.webp,Anillos > Anillo de matrimonio > Media caña,997085856,Asoc. Villa San Francisco Mz 97 Lt07,Tacna
2Y1012002.10,Anillo de mujer Plata 925  diseño Sello con piedras lila y moradas,"El detalle con piedras realza el diseño con brillo y carácter. Este anillo expresa sofisticación, confianza y un estilo especial.",1,108.00,135.00,Plata 925 Italy,11.2,19.0,"03 - Tacna, cono sur",https://inticash.com.pe/wp-content/uploads/fotos/2Y1012002.10.webp,Anillos > Anillo de mujer > Sello,997085856,Asoc. Villa San Francisco Mz 97 Lt07,Tacna
2Y2011910.5,Anillo de hombre plata 925 diseño Media caña con linea al centro,"Este diseño destaca por su elegancia versátil y presencia equilibrada. Este anillo acompaña el estilo personal con confianza, sobriedad y buen gusto.",1,48.00,60.00,Plata 925 Italy,3.9,18.0,"03 - Tacna, cono sur",https://inticash.com.pe/wp-content/uploads/fotos/2Y2011910.5.webp,Anillos > Anillo de hombre > Media caña,997085856,Asoc. Villa San Francisco Mz 97 Lt07,Tacna
2Y2011906.10,Anillo de mujer plata 925 diseño Calado con peces ,"Con una estética cuidada y fácil de combinar, este anillo transmite sofisticación cotidiana, seguridad y un detalle especial para destacar.",1,76.00,95.00,Plata 925 Italy,3.4,14.0,"03 - Tacna, cono sur",https://inticash.com.pe/wp-content/uploads/fotos/2Y2011906.10.webp,Anillos > Anillo de mujer > Calado,997085856,Asoc. Villa San Francisco Mz 97 Lt07,Tacna
2Y2011910.6,Anillo de hombre plata 925 diseño media caña con linea al centro,"Pensado para acompañar distintos momentos, este anillo expresa versatilidad, confianza y una sofisticación sencilla que realza cualquier estilo con un significado especial.",1,32.80,41.00,Plata 925 Italy,2.7,18.0,"03 - Tacna, cono sur",https://inticash.com.pe/wp-content/uploads/fotos/2Y2011910.6.webp,Anillos > Anillo de hombre > Media caña,997085856,Asoc. Villa San Francisco Mz 97 Lt07,Tacna
2N1012002.1,Anillo de mujer plata 950 diseño Entrelazado,"Las líneas cruzadas expresan equilibrio y conexión. Este anillo aporta movimiento, estilo personal y una presencia delicada con sentido propio.",1,129.60,162.00,Plata 950,8.1,19.0,"03 - Tacna, cono sur",https://inticash.com.pe/wp-content/uploads/fotos/2N1012002.1.webp,Anillos > Anillo de mujer > Entrelazado,997085856,Asoc. Villa San Francisco Mz 97 Lt07,Tacna
2Y2011910.7,Anillo de hombre plata 925 diseño trenza Plana,"El trenzado evoca continuidad y trabajo detallado. Este anillo suma presencia, firmeza visual y una elegancia con identidad con un significado especial.",1,61.60,77.00,Plata 925 Italy,5.7,24.0,"03 - Tacna, cono sur",https://inticash.com.pe/wp-content/uploads/fotos/2Y2011910.7.webp,Anillos > Anillo de hombre > Plana,997085856,Asoc. Villa San Francisco Mz 97 Lt07,Tacna
2Y2012202.32,Anillo de matrimonio plata 925 diseño Plana Diamantada,"Este diseño de matrimonio representa unión, compromiso y estabilidad. Este anillo acompaña una historia compartida con sobriedad, elegancia y significado.",1,60.80,76.00,Plata 925 Italy,3.8,19.0,"03 - Tacna, cono sur",https://inticash.com.pe/wp-content/uploads/fotos/2Y2012202.32.webp,Anillos > Anillo de matrimonio > Plana,997085856,Asoc. Villa San Francisco Mz 97 Lt07,Tacna
2Y2012202.34,Anillo de matrimonio plata 925 diseño Plana Diamantada,"Este diseño de matrimonio representa unión, compromiso y estabilidad. Este anillo acompaña una historia compartida con sobriedad, elegancia y significado.",1,54.40,68.00,Plata 925 Italy,3.4,17.0,"03 - Tacna, cono sur",https://inticash.com.pe/wp-content/uploads/fotos/2Y2012202.34.webp,Anillos > Anillo de matrimonio > Plana,997085856,Asoc. Villa San Francisco Mz 97 Lt07,Tacna
2N2012202.21,Anillo de mujer plata 950 diseño Ojos turcos,"El ojo turco simboliza cuidado y protección cultural. Este anillo transmite identidad, estilo y una presencia visual cargada de significado tradicional.",1,112.00,140.00,Plata 950,7.0,14.0,"03 - Tacna, cono sur",https://inticash.com.pe/wp-content/uploads/fotos/2N2012202.21.webp,Anillos > Anillo de mujer > Ojo,997085856,Asoc. Villa San Francisco Mz 97 Lt07,Tacna
2N2052202.8,Dije para mujer plata 950 diseño Torre Eiffel,"Este diseño destaca por su elegancia versátil y presencia equilibrada. Este dije acompaña el estilo personal con confianza, sobriedad y buen gusto.",1,64.00,80.00,Plata 950,2.7,0.0,"03 - Tacna, cono sur",https://inticash.com.pe/wp-content/uploads/fotos/2N2052202.8.webp,Dijes > Dije para mujer > Torre Eiffel,997085856,Asoc. Villa San Francisco Mz 97 Lt07,Tacna
2N2052307.6,Dije para mujer plata 950 diseño Mapa de Peru liso,El diseño clásico aporta equilibrio y sobriedad. Este dije realza el estilo personal con una presencia limpia y siempre vigente.,1,83.25,92.50,Plata 950,2.8,0.0,"03 - Tacna, cono sur",https://inticash.com.pe/wp-content/uploads/fotos/2N2052307.6.webp,Dijes > Dije para mujer > Mapa de Peru,997085856,Asoc. Villa San Francisco Mz 97 Lt07,Tacna
2N2052111.8,Dije estándar plata 950 diseño Letra H,"La inicial convierte este dije en un detalle personal y significativo. Su diseño permite llevar identidad, recuerdo o vínculo con elegancia.",1,47.20,59.00,Plata 950,3.3,0.0,"03 - Tacna, cono sur",https://inticash.com.pe/wp-content/uploads/fotos/2N2052111.8.webp,Dijes > Dije estándar > Letra,997085856,Asoc. Villa San Francisco Mz 97 Lt07,Tacna
2N2052111.9,Dije estándar plata 950 diseño Letra H,"La inicial hace de este dije una pieza cercana y especial. Representa nombres, recuerdos o vínculos con elegancia discreta con un significado especial.",1,46.40,58.00,Plata 950,3.3,0.0,"03 - Tacna, cono sur",https://inticash.com.pe/wp-content/uploads/fotos/2N2052111.9.webp,Dijes > Dije estándar > Letra,997085856,Asoc. Villa San Francisco Mz 97 Lt07,Tacna
2N2052111.10,Dije estándar plata 950 diseño Letra R,"La letra aporta identidad y sentido personal a este dije. Es una elección sencilla para expresar cercanía, estilo propio y significado.",1,44.80,56.00,Plata 950,3.3,0.0,"03 - Tacna, cono sur",https://inticash.com.pe/wp-content/uploads/fotos/2N2052111.10.webp,Dijes > Dije estándar > Letra,997085856,Asoc. Villa San Francisco Mz 97 Lt07,Tacna
2N2052111.11,Dije estándar plata 950 diseño Letra M,"La inicial hace de este dije una pieza cercana y especial. Representa nombres, recuerdos o vínculos con elegancia discreta con un significado especial.",1,61.60,77.00,Plata 950,3.6,0.0,"03 - Tacna, cono sur",https://inticash.com.pe/wp-content/uploads/fotos/2N2052111.11.webp,Dijes > Dije estándar > Letra,997085856,Asoc. Villa San Francisco Mz 97 Lt07,Tacna
2N2052111.17,Dije estándar plata 950 diseño Letra W,"La letra aporta identidad y sentido personal a este dije. Es una elección sencilla para expresar cercanía, estilo propio y significado.",1,56.80,71.00,Plata 950,4.2,0.0,"03 - Tacna, cono sur",https://inticash.com.pe/wp-content/uploads/fotos/2N2052111.17.webp,Dijes > Dije estándar > Letra,997085856,Asoc. Villa San Francisco Mz 97 Lt07,Tacna
2N2052111.18,Dije estándar plata 950 diseño Letra B,"La inicial convierte este dije en un detalle personal y significativo. Su diseño permite llevar identidad, recuerdo o vínculo con elegancia.",1,46.40,58.00,Plata 950,3.3,0.0,"03 - Tacna, cono sur",https://inticash.com.pe/wp-content/uploads/fotos/2N2052111.18.webp,Dijes > Dije estándar > Letra,997085856,Asoc. Villa San Francisco Mz 97 Lt07,Tacna
2N2052111.20,Dije estándar plata 950 diseño Letra D,"La inicial hace de este dije una pieza cercana y especial. Representa nombres, recuerdos o vínculos con elegancia discreta con un significado especial.",1,39.20,49.00,Plata 950,2.9,0.0,"03 - Tacna, cono sur",https://inticash.com.pe/wp-content/uploads/fotos/2N2052111.20.webp,Dijes > Dije estándar > Letra,997085856,Asoc. Villa San Francisco Mz 97 Lt07,Tacna
2N2052111.21,Dije estándar plata 950 diseño Letra S,"La inicial hace de este dije una pieza cercana y especial. Representa nombres, recuerdos o vínculos con elegancia discreta con un significado especial.",1,33.60,42.00,Plata 950,2.4,0.0,"03 - Tacna, cono sur",https://inticash.com.pe/wp-content/uploads/fotos/2N2052111.21.webp,Dijes > Dije estándar > Letra,997085856,Asoc. Villa San Francisco Mz 97 Lt07,Tacna
2N2052202.12,Dije estándar plata 950 diseño Letra P,"La inicial hace de este dije una pieza cercana y especial. Representa nombres, recuerdos o vínculos con elegancia discreta con un significado especial.",1,44.80,56.00,Plata 950,2.8,0.0,"03 - Tacna, cono sur",https://inticash.com.pe/wp-content/uploads/fotos/2N2052202.12.webp,Dijes > Dije estándar > Letra,997085856,Asoc. Villa San Francisco Mz 97 Lt07,Tacna
2N2052111.38,Dije para mujer plata 950 diseño Corazón,"El corazón evoca cariño, unión y sensibilidad. Este dije transmite una expresión cálida de amor en un diseño memorable con un significado especial.",1,40.00,50.00,Plata 950,2.5,0.0,"03 - Tacna, cono sur",https://inticash.com.pe/wp-content/uploads/fotos/2N2052111.38.webp,Dijes > Dije para mujer > Corazón,997085856,Asoc. Villa San Francisco Mz 97 Lt07,Tacna
2N2052206.5,Dije para mujer plata 950 diseño Flor,"Las flores simbolizan vida, ternura y renovación. Este dije transmite encanto natural, elegancia suave y una presencia llena de frescura.",1,104.00,130.00,Plata 950,5.2,0.0,"03 - Tacna, cono sur",https://inticash.com.pe/wp-content/uploads/fotos/2N2052206.5.webp,Dijes > Dije para mujer > Flor,997085856,Asoc. Villa San Francisco Mz 97 Lt07,Tacna
2N2052111.39,Dije para mujer plata 950 diseño Corazón con Llave,"El corazón simboliza amor, ternura y cercanía. Este dije convierte un sentimiento importante en un detalle elegante, significativo y fácil de llevar.",1,67.20,84.00,Plata 950,4.2,0.0,"03 - Tacna, cono sur",https://inticash.com.pe/wp-content/uploads/fotos/2N2052111.39.webp,Dijes > Dije para mujer > Corazón,997085856,Asoc. Villa San Francisco Mz 97 Lt07,Tacna
2N2051906.4,Dije para mujer plata 950 diseño Palmera,"Este diseño destaca por su elegancia versátil y presencia equilibrada. Este dije acompaña el estilo personal con confianza, sobriedad y buen gusto.",1,40.80,51.00,Plata 950,3.3,0.0,"03 - Tacna, cono sur",https://inticash.com.pe/wp-content/uploads/fotos/2N2051906.4.webp,Dijes > Dije para mujer > Palmera,997085856,Asoc. Villa San Francisco Mz 97 Lt07,Tacna
2N2051906.5,Dije estándarplata 950 diseño Caballo,"El caballo representa impulso, elegancia y determinación. Este dije aporta presencia, personalidad y un significado ligado a la libertad con un significado especial.",1,46.40,58.00,Plata 950,3.8,0.0,"03 - Tacna, cono sur",https://inticash.com.pe/wp-content/uploads/fotos/2N2051906.5.webp,Dijes > Dije estándar > Caballo,997085856,Asoc. Villa San Francisco Mz 97 Lt07,Tacna
2N2052111.44,Dije para mujer plata 950 diseño Letra B,"La inicial hace de este dije una pieza cercana y especial. Representa nombres, recuerdos o vínculos con elegancia discreta con un significado especial.",1,43.20,54.00,Plata 950,3.2,0.0,"03 - Tacna, cono sur",https://inticash.com.pe/wp-content/uploads/fotos/2N2052111.44.webp,Dijes > Dije para mujer > Letra,997085856,Asoc. Villa San Francisco Mz 97 Lt07,Tacna
2N2051906.6,Dije estándar plata 950 diseño Bota,"Pensado para acompañar distintos momentos, este dije expresa versatilidad, confianza y una sofisticación sencilla que realza cualquier estilo con un significado especial.",1,48.00,60.00,Plata 950,4.1,0.0,"03 - Tacna, cono sur",https://inticash.com.pe/wp-content/uploads/fotos/2N2051906.6.webp,Dijes > Dije estándar > Bota,997085856,Asoc. Villa San Francisco Mz 97 Lt07,Tacna
2N2051906.7,Dije para mujer plata 950 diseño Circulo calado,"Con una estética cuidada y fácil de combinar, este dije transmite sofisticación cotidiana, seguridad y un detalle especial para destacar.",1,80.00,100.00,Plata 950,6.7,0.0,"03 - Tacna, cono sur",https://inticash.com.pe/wp-content/uploads/fotos/2N2051906.7.webp,Dijes > Dije para mujer > Circulo,997085856,Asoc. Villa San Francisco Mz 97 Lt07,Tacna
2N2052111.47,Dije para mujer plata 950 diseño Letra I,"La letra aporta identidad y sentido personal a este dije. Es una elección sencilla para expresar cercanía, estilo propio y significado.",1,27.20,34.00,Plata 950,1.9,0.0,"03 - Tacna, cono sur",https://inticash.com.pe/wp-content/uploads/fotos/2N2052111.47.webp,Dijes > Dije estándar > Letra,997085856,Asoc. Villa San Francisco Mz 97 Lt07,Tacna
2N2052111.48,Dije para mujer plata 950 diseño Letra W,"La inicial hace de este dije una pieza cercana y especial. Representa nombres, recuerdos o vínculos con elegancia discreta con un significado especial.",1,56.00,70.00,Plata 950,4.0,0.0,"03 - Tacna, cono sur",https://inticash.com.pe/wp-content/uploads/fotos/2N2052111.48.webp,Dijes > Dije estándar > Letra,997085856,Asoc. Villa San Francisco Mz 97 Lt07,Tacna
2N2052111.52,Dije religioso plata 950 diseño Sagrado Corazon de Jesus,"El corazón simboliza amor, ternura y cercanía. Este dije convierte un sentimiento importante en un detalle elegante, significativo y fácil de llevar.",1,31.20,39.00,Plata 950,1.8,0.0,"03 - Tacna, cono sur",https://inticash.com.pe/wp-content/uploads/fotos/2N2052111.52.webp,Dijes > Dije religioso > Sagrado Corazon de Jesus,997085856,Asoc. Villa San Francisco Mz 97 Lt07,Tacna
2N2052202.27,Dije religioso plata 950 diseño Gatito,"El gatito evoca afecto, suavidad y carácter propio. Este dije suma un detalle entrañable para llevar con cariño con un significado especial.",1,40.00,50.00,Plata 950,2.2,0.0,"03 - Tacna, cono sur",https://inticash.com.pe/wp-content/uploads/fotos/2N2052202.27.webp,Dijes > Dije para mujer > Gata,997085856,Asoc. Villa San Francisco Mz 97 Lt07,Tacna
2N2052101.29,Dije estándar plata 950 diseño Corazón Partido con niños Kiss me,"El corazón simboliza amor, ternura y cercanía. Este dije convierte un sentimiento importante en un detalle elegante, significativo y fácil de llevar.",1,77.60,97.00,Plata 950,2.2,0.0,"03 - Tacna, cono sur",https://inticash.com.pe/wp-content/uploads/fotos/2N2052101.29.webp,Dijes > Dije estándar > Corazón,997085856,Asoc. Villa San Francisco Mz 97 Lt07,Tacna
2N2052202.28,Dije estándar plata 950 diseño Corazón Partido con niños Kiss me,"El corazón representa afecto sincero y conexión emocional. Este dije aporta un toque romántico, delicado y con verdadero sentido personal.",1,46.40,58.00,Plata 950,2.2,0.0,"03 - Tacna, cono sur",https://inticash.com.pe/wp-content/uploads/fotos/2N2052202.28.webp,Dijes > Dije estándar > Corazón,997085856,Asoc. Villa San Francisco Mz 97 Lt07,Tacna
2N2052202.30,Dije estándar plata 950 diseño Corazón Partido con niños Kiss me,"El corazón representa afecto sincero y conexión emocional. Este dije aporta un toque romántico, delicado y con verdadero sentido personal.",1,44.00,55.00,Plata 950,2.2,0.0,"03 - Tacna, cono sur",https://inticash.com.pe/wp-content/uploads/fotos/2N2052202.30.webp,Dijes > Dije estándar > Corazón,997085856,Asoc. Villa San Francisco Mz 97 Lt07,Tacna
2N2052111.64,Dije para mujer plata 950 diseño Candado con Llave,Este diseño aporta presencia sin excesos y una elegancia natural. Este dije refuerza el estilo personal con carácter y discreción.,1,62.40,78.00,Plata 950,3.9,0.0,"03 - Tacna, cono sur",https://inticash.com.pe/wp-content/uploads/fotos/2N2052111.64.webp,Dijes > Dije para mujer > Llave,997085856,Asoc. Villa San Francisco Mz 97 Lt07,Tacna
2N2052111.66,Dije para mujer plata 950 diseño Love,Este diseño aporta presencia sin excesos y una elegancia natural. Este dije refuerza el estilo personal con carácter y discreción.,1,28.00,35.00,Plata 950,1.7,0.0,"03 - Tacna, cono sur",https://inticash.com.pe/wp-content/uploads/fotos/2N2052111.66.webp,Dijes > Dije para mujer > Love,997085856,Asoc. Villa San Francisco Mz 97 Lt07,Tacna
2N2052111.69,Dije para mujer plata 950 diseño Libelula,"La libélula simboliza cambio, ligereza y adaptación. Este dije aporta delicadeza visual y una inspiración serena para avanzar con confianza.",1,33.60,42.00,Plata 950,2.1,0.0,"03 - Tacna, cono sur",https://inticash.com.pe/wp-content/uploads/fotos/2N2052111.69.webp,Dijes > Dije para mujer > Libelula,997085856,Asoc. Villa San Francisco Mz 97 Lt07,Tacna
2N2032205.5,"Pulsera para mujer plata diseño Juvenil con signos de dolar, niña y flores seguro simple","Las flores simbolizan vida, ternura y renovación. Esta pulsera transmite encanto natural, elegancia suave y una presencia llena de frescura.",1,161.60,202.00,Plata 950,8.8,20.0,"03 - Tacna, cono sur",https://inticash.com.pe/wp-content/uploads/fotos/2N2032205.5.webp,Pulseras > Pulsera para mujer > Juvenil,997085856,Asoc. Villa San Francisco Mz 97 Lt07,Tacna
2N2032205.9,"Pulsera para mujer plata 950 diseño de nailon con piedras negras, blancas y plata  seguro simple","Las piedras aportan presencia y detalle al diseño. Esta pulsera transmite elegancia, estilo personal y una expresión visual cuidadosamente destacada.",1,120.00,150.00,Plata 950,6.5,19.0,"03 - Tacna, cono sur",https://inticash.com.pe/wp-content/uploads/fotos/2N2032205.9.webp,Pulseras > Pulsera para mujer > Nailon,997085856,Asoc. Villa San Francisco Mz 97 Lt07,Tacna
2N2032205.10,Pulsera de plata para mujer ley 950 diseño nailon con perlas y bolitas seguro simple,Las piedras suman textura visual y protagonismo. Esta pulsera aporta una elegancia expresiva para destacar con buen gusto con un significado especial.,1,148.80,186.00,Plata 950,8.3,17.5,"03 - Tacna, cono sur",https://inticash.com.pe/wp-content/uploads/fotos/2N2032205.10.webp,Pulseras > Pulsera para mujer > Nailon,997085856,Asoc. Villa San Francisco Mz 97 Lt07,Tacna
2N1032002.14,Pulsera para hombre plata 950 diseño Placa cobreloa calama seguro cajon,"Con una estética cuidada y fácil de combinar, esta pulsera transmite sofisticación cotidiana, seguridad y un detalle especial para destacar.",1,160.00,200.00,Plata 950,24.9,21.0,"03 - Tacna, cono sur",https://inticash.com.pe/wp-content/uploads/fotos/2N1032002.14.webp,Pulseras > Pulsera para hombre > Placa,997085856,Asoc. Villa San Francisco Mz 97 Lt07,Tacna
2N1032002.16,Pulsera para mujer plata 950 diseño Juvenil con flor en el centro seguro simple,"Las flores simbolizan vida, ternura y renovación. Esta pulsera transmite encanto natural, elegancia suave y una presencia llena de frescura.",1,35.20,44.00,Plata 950,3.6,19.0,"03 - Tacna, cono sur",https://inticash.com.pe/wp-content/uploads/fotos/2N1032002.16.webp,Pulseras > Pulsera para mujer > Juvenil,997085856,Asoc. Villa San Francisco Mz 97 Lt07,Tacna
2Y2012402.7,Anillo de mujer plata ley 925 diseño Solitario,"El sol simboliza vitalidad, energía y optimismo. Este anillo aporta luminosidad al estilo personal con una presencia cálida y expresiva.",1,166.50,185.00,Plata 925 Italy,1.8,12.0,"03 - Tacna, cono sur",https://inticash.com.pe/wp-content/uploads/fotos/2Y2012402.7.webp,Anillos > Anillo solitario > Clásico,997085856,Asoc. Villa San Francisco Mz 97 Lt07,Tacna
2Y2012402.8,Anillo de mujer plata ley 925 diseño Solitario,"El sol simboliza vitalidad, energía y optimismo. Este anillo aporta luminosidad al estilo personal con una presencia cálida y expresiva.",1,138.60,154.00,Plata 925 Italy,1.4,16.0,"03 - Tacna, cono sur",https://inticash.com.pe/wp-content/uploads/fotos/2Y2012402.8.webp,Anillos > Anillo solitario > Clásico,997085856,Asoc. Villa San Francisco Mz 97 Lt07,Tacna
2N1032403.4,Pulso de plata 950 para mujer diseño pandora,"Este diseño destaca por su elegancia versátil y presencia equilibrada. Este pulso acompaña el estilo personal con confianza, sobriedad y buen gusto.",1,288.00,320.00,Plata 950,16.0,21.5,"03 - Tacna, cono sur",https://inticash.com.pe/wp-content/uploads/fotos/2N1032403.4.webp,Pulseras > Pulsera para mujer > Pandora,997085856,Asoc. Villa San Francisco Mz 97 Lt07,Tacna
2Y2032412.18,Pulsera plata ley 925 diseño doble con 4 corazones calados 7 piedras rojas y 4 esferas,"El corazón representa afecto sincero y conexión emocional. Esta pulsera aporta un toque romántico, delicado y con verdadero sentido personal.",1,126.90,141.00,Plata 925 Italy,1.8,19.0,"03 - Tacna, cono sur",https://inticash.com.pe/wp-content/uploads/fotos/2Y2032412.18.webp,Pulseras > Pulsera para mujer > doble,997085856,Asoc. Villa San Francisco Mz 97 Lt07,Tacna
2Y2052506.42,Dije de plata para mujer ley 925 diseño Ojo de Horus,"El Ojo de Horus evoca historia, atención y protección cultural. Este dije transmite personalidad, presencia y un diseño con identidad.",1,76.00,80.00,Plata 925 Italy,2.2,,"03 - Tacna, cono sur",https://inticash.com.pe/wp-content/uploads/fotos/2Y2052506.42.webp,Dijes > Dije para mujer > Ojo de Horus,997085856,Asoc. Villa San Francisco Mz 97 Lt07,Tacna
2Y2032506.7,Pulsera de plata para mujer ley 925 diseño denario con medalla de la Virgen María seguro pico de loro,"La Virgen evoca amor maternal, esperanza y creencia. Esta pulsera expresa devoción con una presencia cálida y cercana con un significado especial.",1,127.30,134.00,Plata 925 Italy,4.7,,"03 - Tacna, cono sur",https://inticash.com.pe/wp-content/uploads/fotos/2Y2032506.7.webp,Pulseras > Pulsera para mujer > Denario,997085856,Asoc. Villa San Francisco Mz 97 Lt07,Tacna
2N2032506.31,Pulsera de plata para mujer ley 950 diseño forzada seguro gancho simple,"El diseño de cadena combina funcionalidad y presencia. Esta pulsera expresa sobriedad, confianza y un estilo fácil de llevar con un significado especial.",1,123.50,130.00,Plata 950,7.0,18.0,"03 - Tacna, cono sur",https://inticash.com.pe/wp-content/uploads/fotos/2N2032506.31.webp,Pulseras > Pulsera estándar > Forzada,997085856,Asoc. Villa San Francisco Mz 97 Lt07,Tacna
2N2032506.32,Pulsera de plata para mujer ley 950 diseño forzada seguro gancho simple,"La estructura de cadena aporta continuidad, textura y estilo. Esta pulsera transmite una elegancia práctica para el uso cotidiano con un significado especial.",1,118.75,125.00,Plata 950,6.8,17.5,"03 - Tacna, cono sur",https://inticash.com.pe/wp-content/uploads/fotos/2N2032506.32.webp,Pulseras > Pulsera estándar > Forzada,997085856,Asoc. Villa San Francisco Mz 97 Lt07,Tacna
2N2032506.35,Pulsera de plata para mujer ley 950 diseño lomo de corvina seguro cajón simple,"La estructura de cadena aporta continuidad, textura y estilo. Esta pulsera transmite una elegancia práctica para el uso cotidiano con un significado especial.",1,191.90,202.00,Plata 950,11.0,19.0,"03 - Tacna, cono sur",https://inticash.com.pe/wp-content/uploads/fotos/2N2032506.35.webp,Pulseras > Pulsera estándar > Lomo de corvina,997085856,Asoc. Villa San Francisco Mz 97 Lt07,Tacna
2N2012506.18,Anillo de plata para hombre ley 950 diseño banda trenzada,"El diseño trenzado simboliza unión y fortaleza. Este anillo expresa carácter, firmeza y una elegancia trabajada con personalidad con un significado especial.",1,121.60,128.00,Plata 950,6.9,25.0,"03 - Tacna, cono sur",https://inticash.com.pe/wp-content/uploads/fotos/2N2012506.18.webp,Anillos > Anillo de hombre > Argolla trenzada,997085856,Asoc. Villa San Francisco Mz 97 Lt07,Tacna